,Date,Adj Close,Adj Close,Adj Close,Close,Close,Close,High,High,High,Low,Low,Low,Open,Open,Open,Volume,Volume,Volume
,,INFY.NS,RELIANCE.NS,TATAMOTORS.NS,INFY.NS,RELIANCE.NS,TATAMOTORS.NS,INFY.NS,RELIANCE.NS,TATAMOTORS.NS,INFY.NS,RELIANCE.NS,TATAMOTORS.NS,INFY.NS,RELIANCE.NS,TATAMOTORS.NS,INFY.NS,RELIANCE.NS,TATAMOTORS.NS
0,2022-09-14,1420.9773,2579.2390,448.8012,1475.4000,2588.3501,450.2000,1498.9500,2610.0000,454.7000,1472.0000,2572.7500,447.0000,1497.0000,2575.0000,447.6000,14332197,4004997,10360461
1,2022-09-15,1379.9489,2553.6792,445.8604,1432.8000,2562.7000,447.2500,1475.2000,2603.5500,455.8500,1429.0500,2556.7500,446.0500,1475.0000,2583.0000,452.4000,12784100,4783723,10356713
2,2022-09-16,1326.2552,2490.4028,431.1562,1377.0500,2499.2000,432.5000,1425.0000,2553.0000,446.4000,1368.3500,2491.0000,429.1000,1425.0000,2543.7500,446.0000,20464045,9330469,20992324
3,2022-09-19,1339.0164,2493.6414,424.1281,1390.3000,2502.4500,425.4500,1406.0000,2522.7000,431.6000,1380.6000,2481.3501,424.0500,1392.0000,2499.2000,431.5000,6595241,3498286,15236142
4,2022-09-20,1337.3309,2494.0400,432.9008,1388.5500,2502.8501,434.2500,1413.5500,2537.7000,443.3500,1385.1000,2494.7000,430.6000,1407.9500,2522.4500,430.6000,7219797,3881882,17557661
5,2022-09-21,1326.4478,2500.9158,426.3213,1377.2500,2509.7500,427.6500,1388.8000,2533.0000,436.0000,1368.4000,2495.0000,425.5000,1379.9000,2496.7500,433.9500,7917054,4249172,10831068
6,2022-09-22,1317.4908,2477.3489,430.8571,1367.9500,2486.1001,432.2000,1383.9500,2503.0000,434.6000,1360.0000,2472.1001,422.5500,1366.3500,2486.0000,425.0000,9168498,4757219,13600786
7,2022-09-23,1315.0830,2430.9128,421.7854,1365.4500,2439.5000,423.1000,1394.8000,2495.9500,431.9000,1362.0000,2436.1001,420.5500,1367.5000,2485.0000,431.9000,10426200,4397194,13441609
8,2022-09-26,1329.3370,2368.9817,396.2650,1380.2500,2377.3501,397.5000,1399.4500,2417.8000,417.9000,1355.0000,2375.1499,393.1500,1360.0000,2394.0500,416.0000,9414587,5759298,33230938
9,2022-09-27,1342.1465,2387.8152,397.5609,1393.5500,2396.2500,398.8000,1406.5000,2426.0000,404.0000,1378.0000,2360.1001,390.3500,1393.4500,2394.0000,403.9000,8561254,7455448,21932747
10,2022-09-28,1343.2540,2324.2397,397.8600,1394.7000,2332.4500,399.1000,1405.8500,2378.0000,406.6000,1377.0000,2327.1001,392.8500,1379.0000,2360.3501,394.9000,7022098,7844140,18114880
11,2022-09-29,1347.0585,2317.1150,401.0002,1398.6500,2325.3000,402.2500,1409.8500,2367.5000,413.2500,1393.0000,2313.0000,399.6000,1404.9000,2360.0000,411.0000,6119965,6771046,20725995
12,2022-09-30,1361.3124,2369.3804,403.3429,1413.4500,2377.7500,404.6000,1419.3000,2402.0000,408.2500,1376.0000,2311.0000,392.5000,1388.9500,2311.0000,398.0000,8120130,8589908,20951277
13,2022-10-03,1342.3392,2361.1594,396.4145,1393.7500,2369.5000,397.6500,1412.0000,2416.9500,406.5500,1386.0000,2363.0000,395.5000,1412.0000,2391.5000,405.5000,4943169,5470030,20332430
14,2022-10-04,1376.6742,2404.7056,406.6326,1429.4000,2413.2000,407.9000,1432.2500,2418.0000,408.9500,1414.0000,2390.1499,402.9000,1419.7000,2397.8000,406.0000,6631341,4129893,12761425
15,2022-10-06,1401.4744,2413.5742,412.8134,1455.1500,2422.1001,414.1000,1459.8000,2450.0000,417.6500,1444.1000,2418.1499,409.5000,1445.0000,2429.0000,409.6000,6180672,6162021,12771199
16,2022-10-07,1397.6699,2423.7881,410.8694,1451.2000,2432.3501,412.1500,1457.8500,2443.8999,414.0000,1440.1500,2414.6499,408.7000,1446.3500,2414.6499,413.4000,3994466,3560167,10670854
17,2022-10-10,1408.6978,2397.3315,394.7198,1462.6500,2405.8000,395.9500,1465.0000,2417.6001,403.4000,1426.3500,2388.0000,393.0500,1426.3500,2405.0000,403.4000,5274677,2921076,32914630
18,2022-10-11,1371.2808,2349.6001,392.1279,1423.8000,2357.8999,393.3500,1479.6500,2414.0000,399.5000,1420.1000,2351.1001,391.3000,1462.6500,2414.0000,397.0000,12824774,4252803,14641301
19,2022-10-12,1375.9999,2366.8892,395.3179,1428.7000,2375.2500,396.5500,1441.1000,2381.7000,398.2000,1413.5500,2343.1001,391.1000,1437.0000,2352.0000,394.5500,5481467,3422992,14287344
20,2022-10-13,1367.5245,2374.4126,397.7603,1419.9000,2382.8000,399.0000,1437.9500,2394.0000,403.5000,1415.0000,2360.1001,394.5500,1431.0000,2371.3999,396.5500,4821514,3382098,12584114
21,2022-10-14,1419.8698,2362.3550,395.0189,1474.2500,2370.7000,396.2500,1494.0000,2416.3501,409.2000,1467.2500,2369.1001,395.3000,1485.0000,2415.0000,407.0000,14990688,4202459,12875470
22,2022-10-17,1434.9906,2400.2712,394.8693,1489.9500,2408.7500,396.1000,1495.0000,2414.0000,398.9000,1475.5000,2343.6001,392.5000,1476.9000,2355.0000,394.0000,4286396,7720595,9543556
23,2022-10-18,1448.2335,2442.6216,402.9940,1503.7000,2451.2500,404.2500,1510.9500,2463.0000,406.7000,1497.2500,2420.1499,400.7000,1510.0000,2422.0000,401.0000,4692004,5729899,14215544
24,2022-10-19,1430.6566,2485.1213,397.8102,1485.4500,2493.8999,399.0500,1504.9500,2527.8501,406.9500,1481.3000,2441.7000,397.3000,1504.0000,2454.5000,406.2000,3553171,8882553,8648435
25,2022-10-20,1445.5369,2491.7979,396.8631,1500.9000,2500.6001,398.1000,1504.0000,2519.0000,399.9000,1474.2000,2485.0000,393.1000,1475.0000,2485.0000,397.0000,4583939,4022919,10747183
26,2022-10-21,1445.1515,2462.9001,396.8132,1500.5000,2471.6001,398.0500,1506.0000,2516.8000,402.2500,1491.3500,2467.0000,394.7000,1500.3000,2507.7000,397.0000,3594485,3804352,10279618
27,2022-10-24,1461.8616,2471.1211,400.3522,1517.8500,2479.8501,401.6000,1521.8000,2502.5000,406.0000,1511.0000,2455.3000,400.1500,1518.5000,2460.0000,406.0000,982837,1555270,2871205
28,2022-10-25,1469.9999,2432.9558,403.2931,1526.3000,2441.5500,404.5500,1532.9000,2499.0000,410.5000,1521.0500,2438.0000,403.2000,1528.1000,2499.0000,404.3500,3914341,5645639,17979661
29,2022-10-27,1483.7767,2442.5217,406.4333,1523.9500,2451.1499,407.7000,1534.9000,2468.4500,411.7000,1512.5000,2432.8000,404.0000,1530.8000,2458.0000,408.5500,6760137,5774775,14614841
30,2022-10-28,1473.3588,2517.2578,408.6264,1513.2500,2526.1499,409.9000,1527.9500,2535.0000,411.2000,1507.0000,2459.4500,406.1000,1526.0000,2465.0000,408.0000,3053981,8126824,12488938
31,2022-10-31,1497.1156,2540.6255,411.4676,1537.6500,2549.6001,412.7500,1546.4000,2560.9500,416.3000,1530.2500,2532.2000,411.6000,1530.2500,2541.0000,414.3500,4542336,5731802,9928218
32,2022-11-01,1531.5338,2520.9451,420.0409,1573.0000,2529.8501,421.3500,1575.0000,2600.0000,422.4000,1547.1000,2508.0000,412.8000,1553.0500,2600.0000,414.9000,4542692,6443999,17324893
33,2022-11-02,1512.3531,2536.6892,420.8384,1553.3000,2545.6499,422.1500,1572.7500,2550.2000,425.1000,1545.0000,2515.0000,420.1500,1572.0000,2532.3000,423.0500,2938906,4145144,12433578
34,2022-11-03,1490.3976,2546.1558,414.9567,1530.7500,2555.1499,416.2500,1543.9000,2559.5500,423.3000,1521.6500,2525.0500,414.5000,1538.7500,2529.8501,419.4000,3174027,3089026,10987519
35,2022-11-04,1474.0891,2583.6235,424.0284,1514.0000,2592.7500,425.3500,1520.4500,2600.0000,426.0000,1501.1500,2551.1001,416.9000,1520.4500,2553.8999,418.2000,4509682,5803737,12277023
36,2022-11-07,1467.7117,2597.4248,433.6484,1507.4500,2606.6001,435.0000,1527.9000,2610.3000,437.5000,1491.1000,2574.0000,428.2500,1521.4000,2591.0000,428.2500,4898592,5440967,15058076
37,2022-11-09,1471.3628,2594.8340,431.8042,1511.2000,2604.0000,433.1500,1529.0000,2621.9500,441.2000,1501.1000,2590.0500,432.0000,1529.0000,2610.3000,439.2000,3334755,5193814,14471443
38,2022-11-10,1462.3567,2563.4448,410.9193,1501.9500,2572.5000,412.2000,1512.0000,2596.5500,420.5500,1485.0000,2563.0000,409.2000,1485.0000,2590.0000,420.5000,3435763,2753420,26251660
39,2022-11-11,1528.7102,2622.5361,422.1842,1570.1000,2631.8000,423.5000,1573.5000,2636.0000,425.5000,1546.6500,2588.0000,414.7000,1546.6500,2600.0000,420.0000,7214098,5681124,19296401
40,2022-11-14,1543.5095,2609.8311,432.3525,1585.3000,2619.0500,433.7000,1591.4000,2642.0000,437.7000,1568.4500,2605.1499,423.5000,1575.1500,2630.7500,424.0000,4908813,4173395,17996083
41,2022-11-15,1551.9802,2598.1223,435.7918,1594.0000,2607.3000,437.1500,1597.8500,2626.3999,438.5000,1572.7500,2590.0000,434.1000,1577.8500,2622.3000,434.9000,3497614,3270388,10696024
42,2022-11-16,1560.5482,2583.2251,430.2092,1602.8000,2592.3501,431.5500,1609.0000,2615.9500,438.2000,1593.5000,2581.3501,429.6000,1597.1500,2610.0000,436.9500,4497697,4484007,8206169
43,2022-11-17,1545.5542,2589.9014,421.8353,1587.4000,2599.0500,423.1500,1602.8000,2613.0000,427.5500,1582.9500,2580.0000,419.6000,1597.2000,2584.9500,422.0000,3469515,3074259,15621809
44,2022-11-18,1551.3960,2588.5061,422.4832,1593.4000,2597.6499,423.8000,1598.0000,2609.0000,426.4500,1575.5000,2571.1001,421.1500,1591.7000,2606.7500,424.0000,3126064,2447425,9851962
45,2022-11-21,1526.8602,2541.9207,419.7917,1568.2000,2550.8999,421.1000,1587.8500,2588.0000,427.6000,1564.0500,2543.1001,420.0000,1582.1000,2588.0000,425.6000,3071764,2949108,9497812
46,2022-11-22,1543.2661,2556.0210,423.3805,1585.0500,2565.0500,424.7000,1588.0000,2568.5000,426.4000,1562.0000,2536.5000,420.5000,1569.0000,2545.0000,421.0000,3399329,3051201,6407614
47,2022-11-23,1541.4163,2548.0493,422.7325,1583.1500,2557.0500,424.0500,1592.0000,2577.8999,429.3000,1579.3000,2552.2500,422.8500,1588.9000,2575.0000,426.8500,3245067,2959787,6568241
48,2022-11-24,1586.8364,2570.0217,422.0845,1629.8000,2579.1001,423.4000,1636.0000,2594.0000,425.2500,1584.7500,2548.2000,420.7000,1589.0000,2566.0000,424.5000,5282215,4333225,6768613
49,2022-11-25,1592.5322,2608.3862,431.8541,1635.6500,2617.6001,433.2000,1644.0000,2624.8999,435.1500,1613.8000,2582.1001,424.0000,1631.4000,2589.0000,425.0000,4563255,3391988,18764073
50,2022-11-28,1580.6052,2698.0195,431.9039,1623.4000,2707.5500,433.2500,1653.5000,2721.0500,440.3500,1620.0000,2502.0000,432.4000,1628.0000,2608.8999,435.0000,3825766,14549929,10701208
51,2022-11-29,1586.1063,2702.6531,431.8042,1629.0500,2712.2000,433.1500,1638.7500,2731.6499,437.9000,1615.0500,2694.0000,429.5500,1621.2000,2703.9500,432.5000,3131710,5103687,8630105
52,2022-11-30,1591.8507,2721.7356,438.0348,1634.9500,2731.3501,439.4000,1645.7500,2745.4500,441.0000,1613.1500,2698.2000,433.3000,1619.9500,2712.5000,435.0000,11868134,12075137,14727892
53,2022-12-01,1613.4167,2713.7141,436.8884,1657.1000,2723.3000,438.2500,1672.6000,2755.0000,443.6000,1652.3000,2716.0000,436.8500,1656.2000,2741.8000,443.0000,5407928,4377696,8909310
54,2022-12-02,1594.7229,2712.5679,434.0472,1637.9000,2722.1499,435.4000,1661.8000,2748.0000,441.1500,1633.9500,2700.6001,435.0000,1656.0000,2730.0000,439.0000,4283343,5348595,8352658
55,2022-12-05,1596.5242,2673.0078,427.4179,1639.7500,2682.4500,428.7500,1644.8500,2716.7500,437.5000,1623.3000,2678.0000,427.8000,1638.0000,2712.0000,435.5000,3824966,6843367,12857807
56,2022-12-06,1570.3821,2680.7305,425.7730,1612.9000,2690.2000,427.1000,1626.0000,2697.0000,431.3500,1607.5500,2661.0000,425.3500,1625.0000,2665.1001,428.8000,4822398,3966243,8461831
57,2022-12-07,1563.1771,2641.1702,418.7947,1605.5000,2650.5000,420.1000,1623.8000,2695.0000,428.0000,1596.7000,2642.1499,419.1000,1608.0000,2685.0000,428.0000,4898087,3905263,12133315
58,2022-12-08,1577.4409,2639.9246,415.9038,1620.1500,2649.2500,417.2000,1623.9000,2665.0000,421.4000,1598.5000,2640.1001,415.3500,1605.5000,2660.0000,421.0000,4206837,3579858,9539923
59,2022-12-09,1527.9314,2599.9160,412.0159,1569.3000,2609.1001,413.3000,1628.0000,2660.0000,420.9500,1561.1000,2601.8501,409.5500,1628.0000,2646.0000,419.3000,8880658,5840633,9920219
60,2022-12-12,1506.4139,2603.9019,412.8632,1547.2000,2613.1001,414.1500,1565.9500,2623.0000,416.9000,1530.0500,2585.0000,408.0000,1550.0000,2585.5000,412.0000,8037679,4374946,8009229
61,2022-12-13,1530.7062,2615.7600,417.1997,1572.1500,2625.0000,418.5000,1577.5000,2633.0000,421.5000,1541.1500,2606.7000,417.2500,1547.2000,2613.1001,419.9500,6135067,3845839,9717894
62,2022-12-14,1537.7650,2606.2935,416.6016,1579.4000,2615.5000,417.9000,1588.5000,2638.9500,421.3500,1573.0000,2611.0000,417.3500,1582.0000,2637.6499,420.5500,4976020,3354618,6314883
63,2022-12-15,1499.8905,2569.2742,415.4053,1540.5000,2578.3501,416.7000,1570.0000,2615.0000,422.8000,1535.2500,2571.0000,415.7000,1569.3000,2602.5000,418.8500,6443866,4009765,7542601
64,2022-12-16,1482.0729,2556.5691,420.2901,1522.2000,2565.6001,421.6000,1549.5000,2618.8000,427.8000,1512.0500,2558.1499,413.1000,1525.0000,2571.0000,417.3500,9630453,7308934,50949198
65,2022-12-19,1467.6144,2590.1504,416.7013,1507.3500,2599.3000,418.0000,1516.9000,2604.0000,422.8500,1495.0500,2566.7000,415.5000,1507.9500,2581.0000,421.9000,6222740,3567363,9809103
66,2022-12-20,1467.5658,2612.5713,409.2246,1507.3000,2621.8000,410.5000,1516.0000,2626.0000,418.0000,1482.4500,2566.0000,408.0000,1501.0000,2583.8999,418.0000,7396259,3446291,12341042
67,2022-12-21,1469.7563,2575.4026,401.3491,1509.5500,2584.5000,402.6000,1521.0000,2633.0000,414.4000,1502.3500,2576.1001,401.0000,1515.0000,2621.0000,412.6000,6236361,3935463,11606059
68,2022-12-22,1481.9269,2568.7261,393.2245,1522.0500,2577.8000,394.4500,1529.9500,2604.6499,404.7000,1511.7500,2566.7500,390.2000,1521.5000,2598.0000,404.1000,6302640,3438692,14908929
69,2022-12-23,1457.6345,2493.3921,377.1745,1497.1000,2502.2000,378.3500,1509.9000,2590.5000,390.0000,1493.0000,2492.2500,377.0000,1508.7000,2563.3000,390.0000,6283822,4733657,19902886
70,2022-12-26,1462.7949,2515.1653,383.6044,1502.4000,2524.0500,384.8000,1509.9000,2542.0000,390.7000,1496.3500,2492.3999,375.2000,1500.5000,2514.7500,380.2500,4115459,2764496,16979026
71,2022-12-27,1474.9166,2535.7427,392.9254,1514.8500,2544.7000,394.1500,1521.4500,2548.8000,397.4500,1497.5000,2515.2500,388.5000,1509.9500,2530.0000,390.0000,4860076,2659749,14372461
72,2022-12-28,1470.3406,2535.4934,390.0842,1510.1500,2544.4500,391.3000,1524.9500,2549.8000,395.9000,1498.5000,2521.5000,390.4000,1505.1000,2538.0000,394.0000,5029860,3442509,8443917
73,2022-12-29,1477.5455,2534.3477,384.7010,1517.5500,2543.3000,385.9000,1521.3000,2548.8999,390.0000,1501.0000,2525.5000,383.0500,1504.0000,2527.0000,389.0000,4624745,3198493,15627403
74,2022-12-30,1468.4419,2538.2339,386.7447,1508.2000,2547.2000,387.9500,1530.4000,2577.0000,392.2000,1504.0500,2541.1001,387.0000,1528.0000,2545.1001,391.0000,5060544,3364092,9198673
75,2023-01-02,1483.8254,2566.8328,393.5733,1524.0000,2575.8999,394.8000,1526.5000,2579.0000,396.0000,1504.0500,2548.2000,391.0000,1514.0000,2550.0000,392.5000,3801140,2453414,10501357
76,2023-01-03,1482.4138,2548.0493,392.6761,1522.5500,2557.0500,393.9000,1532.6500,2573.0000,398.3500,1515.1000,2547.8000,393.0000,1519.8500,2565.0500,396.0000,4551130,3534596,9431220
77,2023-01-04,1455.3953,2509.6848,384.4019,1494.8000,2518.5500,385.6000,1521.0000,2561.0500,394.8000,1491.1000,2514.0000,385.0000,1521.0000,2557.0000,394.8000,7059590,4275746,16121049
78,2023-01-05,1436.3118,2505.2007,385.6979,1475.2000,2514.0500,386.9000,1505.9000,2536.3999,388.7500,1469.2500,2504.0000,382.5000,1505.9000,2523.5000,387.9000,9868404,6293519,10443908
79,2023-01-06,1410.3157,2527.9700,380.8131,1448.5000,2536.8999,382.0000,1475.0000,2547.9500,388.4000,1446.5000,2518.3000,381.0000,1470.0000,2526.6499,386.1000,6443714,2930338,8715469
80,2023-01-09,1445.3180,2587.6592,388.2400,1484.4500,2596.8000,389.4500,1489.3500,2602.0000,392.7000,1448.2000,2543.3501,385.0000,1448.2000,2545.3000,386.3500,11498717,4948549,14693099
81,2023-01-10,1431.0055,2549.3943,411.6171,1469.7500,2558.3999,412.9000,1483.9000,2606.0000,417.7500,1454.0500,2546.0000,400.0000,1482.0000,2606.0000,400.0000,7158624,3713755,54021379
82,2023-01-11,1432.4659,2517.2578,416.9007,1471.2500,2526.1499,418.2000,1494.0000,2558.0000,420.0000,1464.0000,2521.1001,413.5500,1470.0000,2552.5000,415.7500,6173092,5311657,22224361
83,2023-01-12,1441.5696,2462.9001,410.9691,1480.6000,2471.6001,412.2500,1485.0000,2532.5000,420.5000,1455.0000,2465.0000,410.0500,1481.9500,2524.8501,420.3000,6591385,8163366,12479034
84,2023-01-13,1464.0120,2458.9141,410.2215,1503.6500,2467.6001,411.5000,1519.4000,2472.8999,416.3500,1468.0000,2434.6001,408.0000,1483.5000,2458.3999,413.0000,11610426,9515473,10449630
85,2023-01-16,1485.2859,2435.4968,411.7168,1525.5000,2444.1001,413.0000,1528.0000,2479.6499,414.9000,1502.3000,2427.0000,407.6000,1510.0000,2472.7000,413.5000,6073063,6287407,11462140
86,2023-01-17,1498.9169,2470.0747,414.0096,1539.5000,2478.8000,415.3000,1542.2000,2483.0000,419.4500,1524.0000,2450.6001,412.5000,1527.0000,2458.0000,413.0000,5922644,4961585,12337969
87,2023-01-18,1504.6614,2465.9890,407.1311,1545.4000,2474.7000,408.4000,1551.8500,2491.1001,415.9500,1539.6000,2460.3501,407.4500,1544.7500,2473.5000,415.9000,5843098,6206382,13310316
88,2023-01-19,1498.3326,2463.3484,399.5049,1538.9000,2472.0500,400.7500,1549.5500,2481.1499,407.8000,1526.1500,2456.6499,400.1000,1539.9000,2472.8999,406.5000,6165284,5510333,13126520
89,2023-01-20,1485.3347,2434.0518,401.8974,1525.5500,2442.6499,403.1500,1545.0000,2475.0000,412.5000,1524.0000,2437.2500,401.2000,1538.0000,2475.0000,404.0000,6496429,6890325,23906114
90,2023-01-23,1507.1929,2421.7454,407.1311,1548.0000,2430.3000,408.4000,1553.3000,2466.2000,410.9500,1528.1000,2425.0000,405.0000,1535.0000,2449.0000,407.0000,4855020,5055324,13113183
91,2023-01-24,1510.9900,2407.4458,420.8384,1551.9000,2415.9500,422.1500,1568.8000,2443.6499,424.0000,1549.7500,2387.3501,410.0000,1560.0000,2440.0000,410.0000,5200802,7609558,30197475
92,2023-01-25,1502.3246,2374.1633,417.7480,1543.0000,2382.5500,419.0500,1556.0000,2414.7000,427.2500,1538.7500,2380.0000,417.7000,1547.0000,2412.4500,423.7500,4158617,5715684,22975581
93,2023-01-27,1479.1033,2329.1226,444.2155,1519.1500,2337.3501,445.6000,1550.9500,2387.3501,453.4000,1507.4000,2311.6499,435.1500,1546.0000,2384.3999,438.0000,6209955,11920991,63360467
94,2023-01-30,1498.2354,2351.4436,442.2716,1538.8000,2359.7500,443.6500,1544.0000,2371.8999,450.0000,1520.0000,2301.0000,437.6500,1528.8000,2331.7000,445.6000,6964719,10047822,18316743
95,2023-01-31,1493.3185,2345.5645,450.6953,1533.7500,2353.8501,452.1000,1548.9000,2387.6499,454.8000,1513.0000,2341.0000,440.9000,1548.9000,2382.0000,443.7000,9448126,10472167,25154475
96,2023-02-01,1510.2111,2331.6633,445.2622,1551.1000,2339.8999,446.6500,1555.0500,2379.9500,461.5000,1528.0500,2305.0000,437.6500,1542.2000,2379.9500,456.8000,6194199,8929007,23798589
97,2023-02-02,1542.0005,2318.7590,443.4180,1583.7500,2326.9500,444.8000,1586.9500,2348.0000,449.2000,1552.0000,2311.0000,440.7000,1552.0000,2318.0000,446.7500,6916834,6305317,11344554
98,2023-02-03,1557.2378,2320.8020,444.0660,1599.4000,2329.0000,445.4500,1604.6500,2349.0000,450.8000,1573.0000,2293.0000,442.3500,1597.5000,2349.0000,447.0000,7040194,11398850,13067403
99,2023-02-06,1528.4668,2303.3137,440.6267,1569.8500,2311.4500,442.0000,1598.0000,2321.0000,447.0000,1561.6000,2305.8000,439.5500,1598.0000,2315.0000,444.4500,4570612,6847679,6795084
100,2023-02-07,1521.2131,2297.7832,434.0971,1562.4000,2305.8999,435.4500,1576.0500,2327.3999,443.4000,1555.1000,2293.0000,432.9000,1569.0000,2312.0000,441.7000,4336238,6985001,9023645
101,2023-02-08,1548.5724,2343.6711,438.7326,1590.5000,2351.9500,440.1000,1603.0000,2359.8999,441.0000,1565.5000,2307.0000,431.5500,1565.5000,2313.0000,435.4500,7983338,9765490,8668267
102,2023-02-09,1574.3739,2347.7568,435.3930,1617.0000,2356.0500,436.7500,1619.7500,2370.8501,440.7000,1586.0500,2334.0000,433.5500,1596.2000,2353.4500,440.0000,6904911,6079228,7349418
103,2023-02-10,1566.1466,2328.4248,444.4648,1608.5500,2336.6499,445.8500,1616.3000,2354.8999,447.8000,1596.4500,2321.3000,431.2000,1612.9500,2354.8999,437.9500,4786762,4979789,14798390
104,2023-02-13,1526.1301,2315.1719,439.6796,1567.4500,2323.3501,441.0500,1597.0000,2350.0000,446.9000,1566.0000,2313.5500,438.9000,1597.0000,2340.2000,445.5000,4001199,4777674,8333767
105,2023-02-14,1551.2499,2369.7292,439.1812,1593.2500,2378.1001,440.5500,1596.0000,2381.8999,444.3000,1578.1500,2323.6499,434.4000,1584.7000,2329.9500,442.0000,5043736,6609564,8565559
106,2023-02-15,1554.9498,2423.3894,442.7700,1597.0500,2431.9500,444.1500,1599.0000,2437.2000,444.9000,1576.0000,2373.0000,438.1500,1584.0000,2376.0000,438.5000,3465747,15461902,9857016
107,2023-02-16,1559.5746,2421.4963,440.2279,1601.8000,2430.0500,441.6000,1614.4500,2463.8000,448.2500,1597.8500,2425.0500,440.5000,1600.0000,2449.4500,445.0000,4290289,7967558,7670688
108,2023-02-17,1542.0491,2431.6104,438.5332,1583.8000,2440.2000,439.9000,1595.0000,2447.5000,442.4500,1575.5000,2410.6001,436.0000,1594.0000,2420.0000,436.0000,2857734,5450092,6955445
109,2023-02-20,1550.4709,2405.9011,441.6236,1592.4500,2414.3999,443.0000,1603.0000,2449.7500,445.3000,1582.5000,2410.1001,436.2500,1584.9500,2445.0000,441.8000,2417716,4078245,9717197
110,2023-02-21,1537.8624,2425.5320,435.1438,1579.5000,2434.1001,436.5000,1601.6500,2446.8000,445.2000,1576.0000,2412.3501,435.2500,1598.7000,2424.0000,445.2000,2723288,6143298,8957930
111,2023-02-22,1520.6290,2370.5261,428.1157,1561.8000,2378.8999,429.4500,1575.0000,2430.0000,435.8500,1555.3000,2375.0500,428.2500,1563.0000,2425.9500,435.3000,3656244,5087729,7209130
112,2023-02-23,1509.8215,2359.1663,431.8541,1550.7000,2367.5000,433.2000,1569.8500,2394.7500,436.4500,1548.1500,2361.3501,427.2000,1569.8500,2378.0000,428.6500,4766854,4546655,9278920
113,2023-02-24,1509.7729,2375.3093,426.4210,1550.6500,2383.7000,427.7500,1569.0000,2396.1499,436.7000,1545.0000,2368.0000,427.0000,1560.0000,2372.0000,435.4000,2790986,4353814,7895024
114,2023-02-27,1469.5129,2359.5151,416.6514,1509.3000,2367.8501,417.9500,1540.0000,2389.6499,428.0500,1502.0000,2351.7000,413.0500,1540.0000,2382.0000,427.7500,4920268,5168667,10438928
115,2023-02-28,1448.3363,2314.3748,419.3929,1487.5500,2322.5500,420.7000,1524.0000,2367.0000,424.8000,1481.3000,2313.6499,419.0000,1515.6000,2356.1001,419.0000,9679811,10150245,9652088
116,2023-03-01,1456.6123,2335.6494,424.6764,1496.0500,2343.8999,426.0000,1500.8500,2345.5000,428.0000,1481.5000,2323.2500,421.5000,1492.4000,2344.0000,421.5000,5125043,5330852,7595114
117,2023-03-02,1433.3424,2317.8623,419.1437,1472.1500,2326.0500,420.4500,1488.6000,2351.6499,426.2500,1467.3000,2321.6001,419.5500,1485.0000,2337.0000,426.0000,4644499,4307425,5661103
118,2023-03-03,1440.3038,2377.0032,426.6702,1479.3000,2385.3999,428.0000,1489.8000,2393.4500,430.5000,1473.0000,2341.5500,421.9500,1486.7500,2349.1499,422.6000,4615015,6758115,8027522
119,2023-03-06,1467.7117,2400.2212,438.7326,1507.4500,2408.7000,440.1000,1520.4000,2424.6001,441.4500,1493.1500,2400.0000,430.0000,1494.5500,2400.0000,430.9500,6561742,4694338,11307064
120,2023-03-08,1453.3506,2408.8411,437.9351,1492.7000,2417.3501,439.3000,1496.0000,2419.0000,441.2500,1481.1000,2385.0000,436.1000,1490.5500,2408.7000,439.0000,4137080,7283694,7850052
121,2023-03-09,1441.3748,2350.9453,430.8571,1480.4000,2359.2500,432.2000,1498.3500,2416.8999,442.0500,1474.6000,2355.1001,431.3000,1495.0000,2416.0000,439.1000,5104656,7492509,5696737
122,2023-03-10,1432.7582,2314.5239,434.4958,1471.5500,2322.7000,435.8500,1474.3000,2344.0000,437.8000,1457.6500,2315.0500,430.8000,1460.0000,2341.5000,433.0000,3699580,6153681,10417015
123,2023-03-13,1397.2689,2276.4585,421.0876,1435.1000,2284.5000,422.4000,1478.3000,2344.0000,437.0000,1428.0000,2275.0000,419.1000,1464.2000,2329.0000,436.1000,8798403,5894088,8780169
124,2023-03-14,1382.5671,2267.9385,415.3555,1420.0000,2275.9500,416.6500,1448.3500,2304.9500,424.2000,1411.0000,2269.0500,413.4000,1441.0000,2280.0000,422.8500,7402784,7396699,9189043
125,2023-03-15,1382.2263,2229.1755,410.0719,1419.6500,2237.0500,411.3500,1442.8500,2298.3000,425.0000,1416.8500,2227.3999,410.1000,1438.0000,2284.1001,422.0000,7556182,10027725,7681009
126,2023-03-16,1367.0862,2218.0647,414.4084,1404.1000,2225.8999,415.7000,1417.8000,2254.0000,418.5000,1398.7000,2202.2000,405.0000,1417.8000,2243.0000,413.3000,7323117,8474595,11854885
127,2023-03-17,1383.2485,2215.2747,417.6982,1420.7000,2223.1001,419.0000,1442.9000,2251.9500,423.4500,1411.4000,2212.7000,414.5500,1430.0000,2244.7500,419.0000,9090018,15697554,8658701
128,2023-03-20,1366.6481,2193.5015,409.4738,1403.6500,2201.2500,410.7500,1419.7000,2220.0000,416.9500,1384.8500,2180.0000,405.5000,1419.7000,2215.0000,415.6000,8221829,9010595,10075022
129,2023-03-21,1354.0394,2261.7107,411.2682,1390.7000,2269.7000,412.5500,1405.0000,2274.0000,413.9000,1390.0000,2217.0000,407.7000,1399.0000,2218.9500,412.8500,8536755,9876263,7391950
130,2023-03-22,1352.6277,2268.5864,414.8072,1389.2500,2276.6001,416.1000,1407.2500,2291.4500,418.4000,1382.1500,2270.0000,413.7500,1403.0000,2285.0000,416.0000,8356487,5039622,5728054
131,2023-03-23,1338.3153,2239.8877,417.8477,1374.5500,2247.8000,419.1500,1383.9500,2269.8999,422.5000,1370.0000,2243.0500,416.0000,1383.9500,2268.0000,416.0000,7607718,7499082,9817460
132,2023-03-24,1344.2544,2195.5444,415.2059,1380.6500,2203.3000,416.5000,1398.9500,2250.0000,420.5500,1377.5000,2198.0000,414.8000,1388.0000,2245.2500,419.0000,7559127,5711497,6877960
133,2023-03-27,1352.3354,2229.6738,410.7697,1388.9500,2237.5500,412.0500,1395.7500,2254.0000,418.5000,1374.1000,2200.2000,410.2500,1386.2500,2217.5000,416.0000,4170193,6486068,7433933
134,2023-03-28,1341.2847,2240.0869,400.3522,1377.6000,2248.0000,401.6000,1398.0000,2256.5000,414.5000,1375.8500,2237.0000,400.4500,1392.1000,2245.0000,414.1500,6633366,5804018,9553659
135,2023-03-29,1347.0780,2226.8337,407.9286,1383.5500,2234.7000,409.2000,1389.9000,2244.8000,410.6000,1364.5500,2211.1001,401.6000,1379.0000,2239.0000,401.6000,8813966,8678073,10478506
136,2023-03-31,1390.3074,2322.8447,419.4926,1427.9500,2331.0500,420.8000,1429.9500,2343.4500,421.7500,1393.9000,2254.7000,411.0000,1404.0000,2255.0000,411.3500,8711975,13001005,11037881
137,2023-04-03,1373.6582,2323.2432,422.9319,1410.8500,2331.4500,424.2500,1435.0000,2349.0000,424.9500,1405.1500,2315.0000,419.5000,1435.0000,2345.0000,423.0000,5242764,4750238,6948329
138,2023-04-05,1386.0236,2317.6631,425.2247,1423.5500,2325.8501,426.5500,1427.5000,2348.0000,428.7500,1400.0000,2308.5500,423.1500,1400.0000,2348.0000,424.2500,7506334,7505339,8821326
139,2023-04-06,1384.4170,2333.2080,436.2902,1421.9000,2341.4500,437.6500,1428.4000,2354.0000,439.3000,1410.3500,2318.1499,423.7500,1416.0000,2318.1499,426.5000,6948465,8507771,10907492
140,2023-04-10,1389.9667,2316.6665,459.8667,1427.6000,2324.8501,461.3000,1434.0000,2350.3999,473.3000,1415.0000,2321.5500,452.0000,1423.9500,2350.0000,452.0500,4993788,5981688,50462653
141,2023-04-11,1369.0822,2328.1262,457.2748,1406.1500,2336.3501,458.7000,1433.3500,2341.0000,463.7500,1389.0000,2324.0500,455.8000,1428.9000,2334.0000,463.7500,6942255,4865301,14495222
142,2023-04-12,1390.6483,2338.3896,464.0537,1428.3000,2346.6499,465.5000,1431.5000,2367.8000,468.6000,1400.0000,2330.0500,458.2000,1413.0500,2336.3501,459.3500,5831169,8389646,13552440
143,2023-04-13,1352.5790,2347.2085,468.0413,1389.2000,2355.5000,469.5000,1411.0500,2365.8000,472.0000,1383.0000,2342.0000,463.2500,1409.7500,2353.0000,464.9500,11267238,5712541,12733670
144,2023-04-17,1225.1298,2359.1165,470.6830,1258.3000,2367.4500,472.1500,1261.1500,2424.9500,473.0000,1185.3000,2349.0500,465.8000,1250.3000,2424.9500,471.0000,53171705,8274452,10710167
145,2023-04-18,1226.1520,2332.1121,471.5304,1259.3500,2340.3501,473.0000,1269.9500,2377.0000,483.3500,1253.1000,2326.0000,468.1000,1269.9500,2377.0000,475.0000,12430884,4802172,16140056
146,2023-04-19,1199.7177,2343.7209,467.9416,1232.2000,2352.0000,469.4000,1254.3500,2357.8999,475.5000,1229.4000,2332.2000,467.8500,1254.3500,2339.0500,473.0000,11307230,5664207,7368610
147,2023-04-20,1191.1497,2337.7920,475.3186,1223.4000,2346.0500,476.8000,1237.8500,2359.0000,479.7000,1221.4000,2332.1001,469.4000,1230.7000,2354.1001,473.7000,8621249,3233882,14264206
148,2023-04-21,1194.9956,2340.7314,469.7360,1227.3500,2349.0000,471.2000,1233.2500,2361.0000,476.7000,1220.0000,2336.3999,467.2000,1228.1000,2350.6499,476.7000,8691352,3529236,8478118
149,2023-04-24,1193.9733,2349.6997,473.7236,1226.3000,2358.0000,475.2000,1230.0000,2380.8999,476.0000,1218.0000,2348.0000,468.3000,1228.0000,2375.0000,471.2000,8313774,5970048,8020593
150,2023-04-25,1192.6102,2367.6863,472.0787,1224.9000,2376.0500,473.5500,1235.5000,2380.6001,476.4000,1215.0000,2350.5000,471.9000,1225.9500,2366.0000,475.2000,6808576,4262471,6888352
151,2023-04-26,1195.1903,2353.7854,476.7142,1227.5500,2362.1001,478.2000,1233.0000,2386.1001,479.5000,1220.5500,2354.0500,472.6000,1228.0000,2379.0000,473.0000,5680192,3977129,7791425
152,2023-04-27,1213.3973,2368.6829,480.1037,1246.2500,2377.0500,481.6000,1247.8000,2384.0000,482.0000,1225.4000,2364.0000,476.5000,1230.0000,2375.0000,478.5000,8020704,4230627,7085793
153,2023-04-28,1219.7260,2411.9797,483.4433,1252.7500,2420.5000,484.9500,1259.0000,2423.8999,488.0000,1244.9500,2381.7500,478.3500,1255.7000,2382.0000,481.4000,10118277,7183342,9947813
154,2023-05-02,1243.7748,2432.4575,478.7578,1277.4500,2441.0500,480.2500,1279.7500,2445.8000,484.0000,1254.5500,2428.1001,474.5500,1254.5500,2436.2000,482.5000,8886401,5991101,11542592
155,2023-05-03,1235.6936,2411.5813,482.1971,1269.1500,2420.1001,483.7000,1272.5000,2445.0000,485.1000,1262.1000,2413.0500,477.7500,1266.0000,2445.0000,480.2500,5549783,3259053,8529233
156,2023-05-04,1239.9777,2439.3831,479.3061,1273.5500,2448.0000,480.8000,1275.8000,2452.8501,486.4000,1262.5000,2414.6001,478.7500,1268.9500,2421.1499,483.6000,4505401,3985159,5650101
157,2023-05-05,1225.9086,2433.1550,475.6176,1259.1000,2441.7500,477.1000,1279.0000,2461.3501,484.7000,1254.2500,2436.0000,476.1500,1279.0000,2441.0000,481.6500,5373791,4036548,4830674
158,2023-05-08,1232.2372,2463.1987,498.9449,1265.6000,2471.8999,500.5000,1270.3000,2483.6499,502.3000,1255.2000,2444.1499,478.1000,1262.4500,2450.0000,480.0000,5260842,4224469,23515333
159,2023-05-09,1237.2028,2470.8220,502.0851,1270.7000,2479.5500,503.6500,1272.0000,2486.8000,512.8000,1260.7000,2463.2500,501.5500,1266.0000,2475.0000,502.0000,4969897,2983468,19818780
160,2023-05-10,1229.9491,2487.8120,507.9170,1263.2500,2496.6001,509.5000,1276.4000,2499.8501,512.9000,1259.1500,2481.2000,504.3500,1276.4000,2490.0000,508.0000,6515734,5017544,12481404
161,2023-05-11,1222.9877,2471.5693,510.0105,1256.1000,2480.3000,511.6000,1275.9000,2509.5000,514.1500,1253.0500,2476.5500,505.5000,1270.2500,2498.9500,512.0000,6888461,4872451,11454020
162,2023-05-12,1212.3749,2475.6052,514.3469,1245.2000,2484.3501,515.9500,1256.0000,2487.3999,520.5000,1239.0500,2456.5000,510.3000,1253.3500,2469.8000,513.9000,8292212,3209889,19766717
163,2023-05-15,1225.1782,2480.4878,529.2006,1258.3500,2489.2500,530.8500,1268.9000,2504.5500,537.1500,1245.6500,2473.1499,521.5000,1249.9000,2489.8999,523.8500,5534710,3153587,38270067
164,2023-05-16,1230.9716,2445.1626,519.5308,1264.3000,2453.8000,521.1500,1273.9500,2499.6001,535.9500,1262.7500,2450.1499,518.8500,1265.0000,2494.0000,533.9500,5236469,4023000,16514882
165,2023-05-17,1214.0302,2430.7136,513.8983,1246.9000,2439.3000,515.5000,1260.9500,2465.0000,523.9500,1242.4500,2429.0000,512.5000,1260.6000,2463.0000,522.5000,10465667,4060722,13684847
166,2023-05-18,1213.1538,2425.4822,506.8702,1246.0000,2434.0500,508.4500,1259.6500,2457.0000,520.9000,1242.4500,2427.1499,507.1000,1258.6000,2449.5500,518.8000,6948732,4857531,12293322
167,2023-05-19,1235.4502,2433.3542,523.3190,1268.9000,2441.9500,524.9500,1273.3000,2445.9500,526.4000,1252.8000,2418.8501,504.7500,1256.0500,2434.0500,509.8000,11094136,3715280,19343560
168,2023-05-22,1258.7203,2446.3584,520.8766,1292.8000,2455.0000,522.5000,1295.6000,2466.0000,527.0000,1270.2500,2432.3501,519.3500,1272.9500,2435.0000,524.9500,7625947,3431208,9978339
169,2023-05-23,1265.7792,2445.9099,526.8580,1300.0500,2454.5500,528.5000,1314.1500,2468.0000,531.0000,1297.0500,2451.4500,521.1500,1299.2000,2460.6499,522.5000,7436031,2811473,12256902
170,2023-05-24,1264.4160,2431.6604,518.5837,1298.6500,2440.2500,520.2000,1305.0000,2464.0000,529.6500,1291.3000,2433.4500,519.1500,1296.3000,2445.8999,527.1500,4824077,3743804,7648284
171,2023-05-25,1269.9657,2431.3613,513.2503,1304.3500,2439.9500,514.8500,1307.0000,2449.0000,518.0000,1289.2500,2416.0500,509.1000,1294.5000,2433.8999,518.0000,4334121,5301647,11543712
172,2023-05-26,1282.7203,2497.6770,516.8392,1317.4500,2506.5000,518.4500,1323.4500,2509.0000,519.7500,1306.0000,2450.7500,512.2000,1306.0000,2458.0000,514.9000,5521606,5827017,8360570
173,2023-05-29,1279.7509,2511.7275,519.8298,1314.4000,2520.6001,521.4500,1332.7000,2530.0000,525.1000,1309.8500,2507.2000,519.7000,1332.7000,2521.0000,525.0000,4419365,4619754,6596504
174,2023-05-30,1288.9517,2511.0796,517.1880,1323.8500,2519.9500,518.8000,1326.4000,2537.7000,523.5000,1309.1500,2514.3501,518.0000,1315.0000,2520.6001,521.4500,6274719,5234564,5134688
175,2023-05-31,1283.5480,2461.2058,524.6648,1318.3000,2469.8999,526.3000,1331.1000,2509.8501,527.5000,1314.1500,2461.0000,516.4000,1319.8500,2500.0000,519.9500,17800782,12510304,12327284
176,2023-06-01,1302.0000,2454.5793,533.5371,1319.5000,2463.2500,535.2000,1329.5000,2484.8999,536.2500,1318.1000,2458.0000,522.8500,1322.5500,2480.1499,527.5000,4277841,6734525,12511265
177,2023-06-02,1299.0000,2446.5576,534.2350,1299.0000,2455.2000,535.9000,1312.9000,2482.8501,541.2500,1296.0500,2451.0000,532.7500,1309.0000,2471.0000,537.0000,10909311,7291995,12294728
178,2023-06-05,1304.5000,2468.5300,544.5528,1304.5000,2477.2500,546.2500,1309.4500,2483.7500,548.8000,1297.3000,2458.4500,537.9000,1304.0000,2467.2000,539.0000,5002553,5034355,15008325
179,2023-06-06,1279.0000,2470.6228,554.0233,1279.0000,2479.3501,555.7500,1288.6000,2487.7000,557.0000,1273.0000,2462.0000,545.3500,1288.6000,2483.4500,549.4500,10008100,3458161,15395092
180,2023-06-07,1288.9500,2489.3564,566.1854,1288.9500,2498.1499,567.9500,1294.0000,2500.0000,575.0000,1282.5000,2472.6001,552.1500,1290.5000,2487.0000,558.8000,5397578,4759238,20855239
181,2023-06-08,1282.8000,2490.8511,557.9610,1282.8000,2499.6499,559.7000,1292.0000,2516.8501,576.5500,1281.1000,2491.0000,557.0000,1286.2000,2506.0000,570.0000,5034942,5570815,21527339
182,2023-06-09,1265.9500,2473.2134,560.5529,1265.9500,2481.9500,562.3000,1282.5000,2508.5500,566.4500,1264.0000,2478.0000,559.3000,1282.5000,2507.0000,564.4000,5339073,2712243,9361533
183,2023-06-12,1291.9500,2475.4058,562.3972,1291.9500,2484.1499,564.1500,1295.7000,2489.2000,568.9000,1273.0000,2465.0000,560.6500,1273.5000,2475.5000,567.0000,4785588,2949893,7599572
184,2023-06-13,1304.8500,2511.9766,560.4532,1304.8500,2520.8501,562.2000,1306.5000,2523.4500,571.0500,1297.0500,2486.2500,560.7500,1299.9000,2495.0000,567.7000,4846587,5190958,12845897
185,2023-06-14,1300.4000,2542.8677,568.5281,1300.4000,2551.8501,570.3000,1306.7000,2555.0000,571.2000,1293.2000,2517.0000,564.0000,1306.3500,2521.0000,566.0000,3457981,6127509,12713256
186,2023-06-15,1286.8000,2543.5649,566.6838,1286.8000,2552.5500,568.4500,1293.9500,2562.5500,575.0000,1282.6500,2535.5000,567.7500,1293.9500,2551.8000,571.8000,6161155,5451926,12475759
187,2023-06-16,1291.6500,2568.3274,568.0296,1291.6500,2577.3999,569.8000,1301.5000,2582.3999,572.2000,1281.0500,2560.2000,566.0500,1287.0000,2560.2000,569.6500,8536287,11155180,8736313
188,2023-06-19,1294.0000,2542.8176,564.2913,1294.0000,2551.8000,566.0500,1299.5000,2584.0000,573.2000,1287.0500,2542.6499,564.2000,1294.0000,2584.0000,570.6500,4451787,3137532,6280388
189,2023-06-20,1303.4000,2548.0991,581.4378,1303.4000,2557.1001,583.2500,1305.0000,2564.0000,583.9500,1291.1000,2535.0000,562.5000,1294.0000,2547.5500,566.0500,4009180,3194085,18074902
190,2023-06-21,1299.3500,2555.2737,579.5936,1299.3500,2564.3000,581.4000,1303.8000,2569.8501,585.9000,1295.0000,2548.0000,574.5000,1299.9500,2557.0000,584.9500,4041529,3212779,9146332
191,2023-06-22,1281.5500,2526.5750,567.5810,1281.5500,2535.5000,569.3500,1289.4000,2573.3000,584.7000,1273.5000,2532.0000,568.2000,1289.4000,2556.0000,584.0000,6676607,3516244,11229179
192,2023-06-23,1265.0000,2505.8979,557.9112,1265.0000,2514.7500,559.6500,1279.3500,2533.3999,571.1500,1263.3500,2512.0000,557.7000,1276.4500,2528.8999,570.0000,7239467,3059084,9362695
193,2023-06-26,1270.3500,2486.7656,566.0856,1270.3500,2495.5500,567.8500,1274.0000,2515.3999,569.0000,1262.2500,2488.7000,557.8000,1270.2500,2507.0000,560.0000,3403244,5833893,6986621
194,2023-06-27,1279.1500,2487.6624,571.3193,1279.1500,2496.4500,573.1000,1282.0000,2509.5000,576.9000,1274.2000,2486.6499,568.4500,1280.0000,2496.5500,570.0000,3240024,4471687,9404450
195,2023-06-28,1279.1500,2487.6624,571.3193,1279.1500,2496.4500,573.1000,1279.1500,2496.4500,573.1000,1279.1500,2496.4500,573.1000,1279.1500,2496.4500,573.1000,0,0,0
196,2023-06-30,1335.5000,2541.2732,593.6996,1335.5000,2550.2500,595.5500,1338.9000,2556.6499,599.0000,1304.4500,2533.4500,588.0000,1308.2000,2546.3999,588.3500,12821692,5146441,12488047
197,2023-07-03,1333.7000,2606.4927,588.9644,1333.7000,2615.7000,590.8000,1346.0000,2622.0000,602.3000,1328.4500,2555.3501,590.0000,1330.0000,2558.0500,600.0000,7732412,5609248,11131048
198,2023-07-04,1345.1500,2579.6375,589.6124,1345.1500,2588.7500,591.4500,1346.0000,2625.0000,596.4000,1331.4000,2573.2500,589.5000,1344.3000,2625.0000,594.4000,5797775,3720447,6917886
199,2023-07-05,1347.3000,2575.4026,586.4223,1347.3000,2584.5000,588.2500,1357.9500,2609.0000,593.0000,1341.0000,2575.8000,584.9500,1357.8500,2609.0000,592.0000,5414936,4729479,8715919
200,2023-07-06,1343.9000,2629.4617,598.9333,1343.9000,2638.7500,600.8000,1347.4500,2644.4500,604.9500,1337.1500,2576.0500,588.5500,1342.5500,2576.0500,590.8000,5963897,8822948,14356681
201,2023-07-07,1330.2000,2624.3298,616.2792,1330.2000,2633.6001,618.2000,1345.8000,2664.9500,624.8000,1325.3500,2628.0000,592.2000,1334.0000,2635.0000,600.0000,6295647,6172684,21066726
202,2023-07-10,1329.1500,2725.4226,616.7278,1329.1500,2735.0500,618.6500,1341.9000,2756.0000,634.8000,1319.3000,2675.0000,617.5500,1336.5500,2688.8999,624.0000,3940315,15340262,23802524
203,2023-07-11,1348.6000,2754.9683,626.5472,1348.6000,2764.7000,628.5000,1350.9000,2770.0000,630.4500,1327.0000,2737.6001,622.1500,1333.4500,2752.8999,624.9500,6126128,9262001,12051173
204,2023-07-12,1333.3000,2758.0076,619.5192,1333.3000,2767.7500,621.4500,1351.9000,2802.0000,630.8000,1327.0000,2761.6499,619.3500,1351.0000,2766.3000,629.9500,8102770,8645662,10785502
205,2023-07-13,1365.1000,2733.3447,618.7217,1365.1000,2743.0000,620.6500,1376.8000,2799.0000,626.5000,1330.8500,2737.2500,615.5000,1334.9000,2783.8999,625.0000,9977644,6776172,9689708
206,2023-07-14,1425.9500,2731.0527,622.9584,1425.9500,2740.7000,624.9000,1430.0000,2760.8999,626.0000,1380.6500,2725.1001,619.5000,1380.6500,2750.0000,623.0000,12833381,6979790,7010179
207,2023-07-17,1422.9500,2786.8555,616.5783,1422.9500,2796.7000,618.5000,1458.9500,2815.0500,627.0000,1414.3000,2728.0000,617.1500,1425.9500,2747.0000,626.9000,11569884,10254545,7580645
208,2023-07-18,1475.2000,2810.5220,610.1982,1475.2000,2820.4500,612.1000,1477.9500,2837.4500,620.8500,1429.0000,2793.0000,607.0000,1434.0000,2817.0000,620.4000,16743977,11937761,10359400
209,2023-07-19,1474.9500,2831.8467,618.6718,1474.9500,2841.8501,620.6000,1498.8000,2856.0000,625.3000,1460.7000,2797.0000,610.1500,1486.0000,2830.0000,614.0000,13687062,18054869,11128348
210,2023-07-20,1449.5000,2610.6282,619.7186,1449.5000,2619.8501,621.6500,1471.0000,2630.9500,623.6000,1440.7000,2580.0000,616.2000,1471.0000,2580.0000,622.6500,8347221,19358812,7834891
211,2023-07-21,1331.6000,2529.8135,623.8058,1331.6000,2538.7500,625.7500,1350.0000,2614.8999,631.0000,1305.0000,2523.6001,617.7000,1320.2000,2609.0000,621.0000,45548305,15124619,12914610
212,2023-07-24,1336.6000,2478.6443,627.2949,1336.6000,2487.3999,629.2500,1349.9000,2514.9500,634.4500,1334.2500,2469.3000,626.2500,1341.0000,2481.0000,627.9500,8859789,11863933,12247844
213,2023-07-25,1334.6000,2477.0500,637.4633,1334.6000,2485.8000,639.4500,1342.8500,2505.2000,642.5000,1324.2500,2480.0000,633.3500,1337.0000,2494.0000,636.0000,6801982,6013010,13988137
214,2023-07-26,1348.8500,2517.3076,639.1081,1348.8500,2526.2000,641.1000,1350.0000,2547.0000,665.4000,1339.4000,2485.0000,639.0000,1343.0000,2485.0000,640.0000,5528885,6455506,31673714
215,2023-07-27,1353.1500,2493.8904,641.7000,1353.1500,2502.7000,643.7000,1363.8000,2537.6499,648.4500,1347.0500,2490.3501,636.7500,1358.6000,2534.0500,647.0000,9191861,8613449,11696851
216,2023-07-28,1340.5000,2518.9521,635.3000,1340.5000,2527.8501,635.3000,1363.8500,2542.8501,646.0000,1336.0000,2500.5500,631.8000,1353.8500,2512.0500,646.0000,6122735,10413926,9299530
217,2023-07-31,1355.7000,2540.2766,644.3000,1355.7000,2549.2500,644.3000,1357.5000,2553.8999,645.5500,1333.2500,2517.9500,635.9000,1348.7500,2527.8501,640.2000,7902180,4275587,7502361
218,2023-08-01,1365.2000,2504.3535,643.6500,1365.2000,2513.2000,643.6500,1369.0000,2559.0000,652.9000,1357.0000,2505.3000,642.0000,1362.0000,2555.0000,645.0000,6064652,4768316,8924219
219,2023-08-02,1356.8500,2477.5981,622.6500,1356.8500,2486.3501,622.6500,1371.9500,2512.0000,644.3000,1348.4500,2463.6001,616.4500,1369.3000,2509.2000,644.0000,7419145,6374107,15762687
220,2023-08-03,1364.3000,2467.1848,618.9500,1364.3000,2475.8999,618.9500,1366.5500,2500.8999,626.4500,1349.0000,2458.0500,614.1500,1350.0000,2475.3000,623.0000,6503741,5084175,11458920
221,2023-08-04,1378.3500,2500.7163,615.0000,1378.3500,2509.5500,615.0000,1385.9000,2516.0000,625.0000,1362.0000,2471.6001,613.3000,1368.9000,2498.8000,624.8500,5712345,11442805,11806739
222,2023-08-07,1393.0000,2514.9661,609.5000,1393.0000,2523.8501,609.5000,1395.0000,2528.3999,619.0000,1377.0000,2505.0000,608.5000,1387.9000,2521.0000,619.0000,3729093,2991435,9893466
223,2023-08-08,1390.2000,2499.8193,607.3000,1390.2000,2508.6499,607.3000,1393.5500,2534.4500,614.7500,1384.4000,2499.5500,605.2500,1392.8500,2528.0000,612.5500,4161877,4922036,8863640
224,2023-08-09,1394.4000,2516.3113,622.5500,1394.4000,2525.2000,622.5500,1396.0000,2529.0000,624.0000,1382.5000,2481.1001,605.3500,1384.0000,2504.8501,610.6000,4090828,5743293,13362350
225,2023-08-10,1389.1000,2527.5217,618.2500,1389.1000,2536.4500,618.2500,1395.8000,2550.0000,628.3000,1385.6000,2508.4500,598.0000,1391.6000,2524.9500,623.0000,3873025,7735299,53116980
226,2023-08-11,1371.8500,2538.1838,611.8000,1371.8500,2547.1499,611.8000,1396.8500,2558.8501,624.7500,1367.0500,2512.3501,610.0000,1392.0000,2532.4500,619.7500,5783517,11089665,9347707
227,2023-08-14,1393.5500,2568.1780,607.3500,1393.5500,2577.2500,607.3500,1395.0000,2582.3000,612.0000,1365.6000,2525.0000,594.5000,1371.8500,2539.0000,612.0000,4304135,4787906,14492164
228,2023-08-16,1418.5000,2566.0854,618.7500,1418.5000,2575.1499,618.7500,1419.9500,2582.8000,621.3500,1405.4000,2551.0000,597.3000,1410.8000,2551.0000,606.7000,7735313,5101556,14562074
229,2023-08-17,1411.5500,2529.0662,613.7500,1411.5500,2538.0000,613.7500,1420.0000,2578.1001,622.0000,1406.0000,2532.8501,611.0000,1420.0000,2567.1001,620.0000,5618346,6836872,12119293
230,2023-08-18,1388.8000,2547.8000,615.8000,1388.8000,2556.8000,615.8000,1408.7000,2577.6001,620.1000,1386.1500,2508.5500,610.9000,1403.7000,2531.2500,612.8000,5134103,9319989,11190760
231,2023-08-21,1405.4000,2520.0000,620.5000,1405.4000,2520.0000,620.5000,1407.0000,2555.4500,623.3000,1387.1500,2515.6499,614.8000,1389.7500,2539.9500,617.0000,3032722,4610873,9580365
232,2023-08-22,1403.7500,2519.3999,620.2000,1403.7500,2519.3999,620.2000,1406.0500,2537.9500,626.5000,1396.6500,2499.0000,618.6000,1404.7000,2516.8999,621.8000,2890714,3856522,8534395
233,2023-08-23,1407.9500,2522.2000,613.9000,1407.9500,2522.2000,613.9000,1416.6000,2542.8501,622.7500,1405.6500,2516.9500,613.1500,1416.0000,2524.2000,622.7500,2559125,4758976,8248333
234,2023-08-24,1423.6000,2479.8000,610.9500,1423.6000,2479.8000,610.9500,1425.0500,2539.8999,619.0000,1414.4500,2471.0000,609.6500,1421.5000,2539.8999,618.0000,5171963,7070010,7096025
235,2023-08-25,1420.1000,2468.3501,605.1000,1420.1000,2468.3501,605.1000,1422.5000,2505.0000,616.7000,1411.4000,2442.6001,593.3000,1413.0000,2456.0000,610.8500,4307172,11111200,16075509
236,2023-08-28,1415.6500,2443.7500,602.4000,1415.6500,2443.7500,602.4000,1424.8000,2484.0000,608.5000,1411.4000,2431.1001,601.5500,1420.1000,2472.0000,605.4000,3133464,6290413,7479254
237,2023-08-29,1417.6500,2420.3501,607.1500,1417.6500,2420.3501,607.1500,1424.4000,2453.4500,610.5000,1415.3000,2408.1499,603.6000,1424.0000,2452.0500,603.6000,3074444,8438322,6956667
238,2023-08-30,1435.1500,2418.0500,605.5500,1435.1500,2418.0500,605.5500,1436.6500,2443.0000,612.9000,1424.0000,2415.0000,605.0000,1427.0000,2432.0000,611.2000,3070887,6084473,5676055
239,2023-08-31,1435.4500,2407.0000,601.0000,1435.4500,2407.0000,601.0000,1444.9000,2425.0000,609.6500,1428.6500,2399.8999,599.0500,1435.1500,2423.0000,608.8000,9792735,10819300,10544271
240,2023-09-01,1443.8500,2412.6499,611.2000,1443.8500,2412.6499,611.2000,1446.0000,2425.6499,614.9000,1428.2000,2401.6499,601.9000,1430.9500,2406.5500,604.2000,3582133,9056421,10297492
241,2023-09-04,1465.1000,2410.7000,609.0000,1465.1000,2410.7000,609.0000,1470.0000,2423.6499,615.6000,1434.7000,2405.3000,606.0000,1443.0000,2412.6499,615.6000,4609014,4673813,8392665
242,2023-09-05,1478.9000,2423.6001,611.1500,1478.9000,2423.6001,611.1500,1480.0500,2433.9500,618.9000,1456.5000,2412.4500,608.0500,1465.0000,2420.0000,610.0000,5496840,4337938,8560651
243,2023-09-06,1477.4500,2428.7000,610.2500,1477.4500,2428.7000,610.2500,1482.9000,2436.1499,612.5500,1463.3000,2417.2500,605.6000,1481.9000,2421.1001,611.1500,5075786,4100185,6520064
244,2023-09-07,1466.2000,2432.0000,614.9000,1466.2000,2432.0000,614.9000,1473.4000,2438.2500,616.5000,1462.0500,2411.0000,609.0500,1470.6000,2421.7000,610.9000,4411743,6826286,6520293
245,2023-09-08,1469.6000,2448.2000,627.2500,1469.6000,2448.2000,627.2500,1474.7500,2456.0000,628.9000,1460.2000,2422.9500,614.2000,1463.5000,2440.0000,617.9500,3125838,11554644,16190749
246,2023-09-11,1476.4500,2474.6001,634.8500,1476.4500,2474.6001,634.8500,1478.0500,2476.8501,635.4000,1464.5000,2452.0000,630.5000,1469.6000,2452.0000,634.6500,4182226,6635537,8780510
247,2023-09-12,1501.1000,2438.8501,620.8000,1501.1000,2438.8501,620.8000,1504.0000,2483.0000,639.0000,1477.1000,2435.9500,615.2500,1482.5000,2483.0000,638.0000,6793161,8127833,12541377
248,2023-09-13,1498.3500,2451.0500,625.9000,1498.3500,2451.0500,625.9000,1505.0000,2462.6499,628.5000,1488.6500,2426.2500,619.5500,1505.0000,2440.0000,621.0000,4804686,6401669,6988358
249,2023-09-14,1506.9500,2453.3000,624.6000,1506.9500,2453.3000,624.6000,1512.5500,2465.8000,630.8000,1499.1500,2445.0000,623.3000,1505.0000,2460.0000,628.1000,6443864,4603595,5718629
